,0
0,
1,Apple iPhone 13 - Oliz Store
2,
3,Apple iPhone 15 - Oliz Store
4,
5,Apple iPhone 15 Pro - Oliz Store
6,
7,Apple iPhone 15 - EvoStore | 1 Year Apple Warranty + Free 1 Year Extended Warranty + *One-time screen replacement within First year.
8,
9,Apple iPhone 11 (128GB)
10,
11,Apple iPhone SE (3rd Generation) 128GB - iSure
12,
13,"Apple iPhone 15 Pro Max (256GB) | 6.7"" OLED Super Retina XDR 120Hz Display | Apple A17 Pro Chipset | 48MP+12MP+12MP Rear Camera"
14,
15,"Apple iPhone 15 (128GB) | 6.1"" OLED Super Retina XDR Display | A16 Bionic (4nm) | 48MP+12MP Rear Camera"
16,
17,"Apple iPhone 15 Plus (128GB) | 6.7"" OLED Super Retina XDR Display | A16 Bionic Chip (4nm) | 48MP+12MP Rear Camera"
18,
19,Apple iPhone 15 Plus - EvoStore | 1 Year Apple Warranty + Free 1 Year Extended Warranty + *One-time screen replacement within First year
20,
21,Apple iPhone 13 128GB - EvoStore
22,
23,Apple iPhone 15 Pro Max - EvoStore | 1 Year Apple Warranty + Free 1 Year Extended Warranty + *One-time screen replacement within First year.
24,
25,Apple iPhone 15 - iSure
26,
27,Apple iPhone 15 Pro - EvoStore | 1 Year Apple Warranty + Free 1 Year Extended Warranty + *One-time screen replacement within First year
28,
29,Apple iPhone 15 Plus - Oliz Store
30,
31,"Apple iPhone 15 Pro (256GB) | 6.1"" OLED Super Retina XDR 120Hz Display | Apple A17 Pro Chipset | 48MP+12MP+12MP Rear Camera"
32,
33,Apple iPhone 15 Pro Max - Oliz Store
34,
35,Bullseye Accessories Anime Shiny Classic Phone Case For iphone
36,
37,Iphone Lighting Cable
38,
39,Iphone 15 Pro Max Camera Lens Protection Glass Metallic Ring
40,
41,ESR 2 in 1 Pack Armorite Screen Protector & Lens Protector for iPhone 15 Pro Max
42,
43,For iPhone 15 Pro Max iPAKY COMELY Series Phone Case
44,
45,For iPhone 15 Pro Max iPAKY CHARM Series Phone Case
46,
47,For iPhone 15 iPAKY COMELY Series Phone Case
48,
49,Xundd Apple iPhone 15 Pro Max / Ultra Original Mobile Cover Case Shell
50,
51,ROCK Guard Series Magnetic with HaloLock Case for iPhone 15 Pro Cover 6.7inch 2023
52,
53,Front/Back Screen Protector For Iphone 15 Pro - 10X Hammerproof Unbreakable Screen Guard (Free 2 Pcs. Camera Protector)
54,
55,Youngkit Futuristic Magsafe Case For iPhone 15 Pro Max By Panchakumari Mobile Hub Circuit Design Protective Cover
56,
57,2 In 1 K8 Wireless Recording Microphone For Type-C And iPhone Mobile Phones
58,
59,Xundd Apple iPhone 15 Pro Original Mobile Cover Case Shell
60,
61,Lenuo For iPhone 15 Plus Phone Case Thin Soft Luxury Square Liquid Silicone Back Cover
62,
63,ESR Tempered Glass for iPhone 15 Pro Max Armorite Screen Protector Ultra-tough Tempered Glass
64,
65,Iphone 15 Pro Max Clear Transparent TPU Silicon Cover
66,
67,For iPhone 15 Pro iPAKY COMELY Series Phone Case
68,
69,3D Cute Cloud Case For iPhone 15 Pro Max By Lavish Deals
70,
71,ROCK Guard Series Magnetic Case for iPhone 15 Pro Max Case 6.7inch 2023
72,
73,Front/Back Screen Protector For Iphone 15 Pro Max - 10X Hammerproof Unbreakable Screen Guard (Free 2 Pcs. Camera Protector)
74,
75,For iPhone 15 Plus iPAKY COMELY Series Phone Case
76,
77,Ring Camera Protector for Iphone 15 Pro Max - 3D Curved Tempered Glass Metal Rear Lens Film Protect Cap
78,
79,Cute Iphone Case
80,
81,Magnetic Case for iPhone 15 By Panchakumari Mobile Hub Translucent Matte Back Cover
82,
83,Magnetic Case for iPhone 15 By Translucent Matte Back Cover
84,
85,Screen Protector For【Apple iPhone 15 Pro Max】10X Hammerproof Unbreakable 9H Screen Guard (Free 2 Pcs. Camera Lens Protector)
86,
87,Ringke Fusion - X Case for iPhone 15 Pro By Panchakumari Mobile Hub
88,
89,Ringke Fusion Case For iPhone 15 Plus By Panchakumari Mobile Hub Transparent Hard Back Soft Flexible TPU Bumper Cover
90,
91,ESR Air Armor Case For IPhone 15 Pro Max CoverMilitary-Grade Drop Protection Shock-Absorbing Corner
92,
93,ESR Lens Protectors For iPhone 15 / 15 Plus By Panchakumari Mobile Hub Tempered-Glass
94,
95,iPhone 15 / 15 Pro / 15 Ultra / 15 Plus Xundd Beetle Series Shockproof Case (Black)
96,
97,Lenuo for Apple iPhone 15 Case Silicone Matte Carbon Fiber Back Cover
98,
99,Screen Protector For【Apple iPhone 15 Pro】10X Hammerproof Unbreakable 9H Screen Guard (Free 2 Pcs. Camera Lens Protector)
100,
101,Screen Protector For【Apple iPhone 15 Plus】10X Hammerproof Unbreakable 9H Screen Guard (Free 2 Pcs. Camera Lens Protector)
102,
103,Spiderman IMD Printed Case For iPhone 15 Plus By Panchakumari Mobile Hub
104,
105,ESR Armorite Camera Lens Protectors for iPhone 15 Pro Max / 15 Pro Individual Lens Protectors
106,
107,Ringke Fusion Case For iPhone 15 By Panchakumari Mobile Hub Transparent Hard Back Soft Flexible TPU Bumper Cover
108,
109,Lenuo for Apple iPhone 15 Pro Max Silicone Soft Case
110,
111,Lenuo For iPhone 15 Mobile Phone Case Carbon Fiber Shockproof Protective Back Cover
112,
113,Transparent Case with Black Rim Border for iPhone 15
114,
115,ESR Classic Hybrid Magnetic with HaloLock Case for iPhone 15 Pro Max Case
116,
117,Front/Back Screen Protector For Iphone 15 - 10X Hammerproof Unbreakable Screen Guard (Free 2 Pcs. Camera Protector)
118,
119,Crystal Clear Transparent Case for IPhone 15
120,
121,Lenuo For iPhone 15 Pro Max Phone Case Thin Soft Luxury Square Liquid Silicone Back Cover
122,
123,ESR Armorite Camera Lens Protectors for iPhone 15 Pro Max / 15 Pro Individual Lens Guard
124,
125,"Bling Diamond Clover Ring Holder Square Phone Case, for iPhone"
126,
127,Nillkin Super Frosted Shield Pro Matte Cover Case for iPhone 15 Series
128,
129,For iPhone 15 Plus iPAKY CHARM Series Phone Case
130,
131,Lenuo For iPhone 15 Phone Case Thin Soft Luxury Square Liquid Silicone Back Cover
132,
133,Nillkin Matte Back Case For iPhone | Nillkin Super Frosted Shield Pro Back Case for Apple iPhone 15 Plus
134,
135,Lenuo For Apple iPhone 15 Pro Soft Card Slot Wallet Phone Case Silicone Shockproof Back Cover
136,
137,ESR Classic Hybrid Case For iPhone 15 Pro Max By Panchakumari Mobile Hub With Stash Stand (HaloLock)
138,
139,Lenuo For Apple iPhone 15 Pro Max Mobile Cover Shockproof Transparent Bumper Airbag Phone Cover Case
140,
141,Apple iPhone 15 Pro Xundd Original Mobile Cover Case Shell
142,
143,For iPhone 15 iPAKY CHARM Series Phone Case
144,
145,Cute Liquid Panda Case For iPhone 15 Pro Max By Panchakumari Mobile Hub Protective Cover
146,
147,Ringke Fusion - X Case for iPhone 15 Pro Max By Panchakumari Mobile Hub
148,
149,Soft Transparent Cover Apple iPhone 15 Pro Airsac Shock Proof Shell Case
150,
151,Screen Protector For【Apple iPhone 15】10X Hammerproof Unbreakable 9H Screen Guard (Free 2 Pcs. Camera Lens Protector)
152,
153,ESR Classic Hybrid Magnetic with HaloLock Case for iPhone 15 Cover 6.1inch
154,
155,Cute Hello Kitty Case For iPhone 15 Pro Max By Panchakumari Mobile Hub
156,
157,Cute Liquid Panda Case For iPhone 15 Pro By Panchakumari Mobile Hub Protective Cover
158,
159,Spiderman IMD Printed Case For iPhone 15 Pro Max By Panchakumari Mobile Hub
160,
161,Techgadgetnepal iphone 15 Anime Printed Premium Phone Case
162,
163,Nillkin Super Frosted Shield Pro Matte cover case for Apple iPhone 15 Pro Max 6.7 (2023)- Nillkin Nepal
164,
165,Privacy screen protector for iPhone 15 series
166,
167,Anime Printed Case For iPhone 15 Pro By Lavish Deals
168,
169,Lenuo For Apple iPhone 15 Plus Mobile Cover Shockproof Transparent Bumper Airbag Phone Cover Case
170,
171,Xundd Apple iPhone 15 Ultra Original Mobile Cover Matte Case Shell
172,
173,ESR Air Armor Case For iPhone 15 Pro Max Cover
174,
175,Lenuo For Apple iPhone 15 Pro Max Case Leather Texture Car Magnetic Holder Back Cover Soft Silicon Frame Shockproof Casing
176,
177,Apple iPhone 15 Pro Max / Ultra Soft Transparent Cover Airsac Shock Proof Shell Case Cover
178,
179,Transparent Card Slot Holder For iPhone 15 Pro Max By Panchakumari Mobile Hub Transparent Cover
180,
181,Lenuo For Apple iPhone 15 Soft Card Slot Wallet Phone Case Silicone Shockproof Back Cover
182,
183,Vantime for iPhone 15 Pro Max 15 Plus KickStand Armor Hard Protector Shockproof Phone Case
184,
185,Nillkin Back Cover | Super Frosted Shield Pro Matte Cover for Apple iPhone 15 Pro Max
186,
187,Soft Transparent Cover Apple iPhone 15 Pro Max / Ultra Airsac Shock Proof Shell Case
188,
189,Iphone 15 Clear Transparent TPU Silicon Cover
190,
191,Nillkin Super Frosted Shield Pro Matte cover case for Apple iPhone 15 Pro Max 6.7 (2023)
192,
193,Nillkin Super Frosted Shield Pro Matte cover case for Apple iPhone 15 Pro 6.1 (2023)- Nillkin Nepal
194,
195,ESR 2 in 1 Set Armorite Screen Protector & Lens Protector for iPhone 15 Pro Max 2023
196,
197,Lenuo for Apple iPhone 15 Pro Silicone Soft Case
198,
199,Front/Back Screen Protector For Iphone 15 Plus - 10X Hammerproof Unbreakable Screen Guard (Free 2 Pcs. Camera Protector)
200,
201,Cute Luxury Bracelet Case For iPhone 15 Pro Max By Panchakumari Mobile Hub
202,
203,ESR Classic Hybrid Case For iPhone 15 Plus By Panchakumari Mobile Hub With Stash Stand (HaloLock)
204,
205,KzDoo Kevlar Case for iPhone 15 Pro Max Real Carbon Fiber Cover By Panchakumari mobile Hub
206,
207,Lenuo For iPhone 15 Pro Max Mobile Phone Case Carbon Fiber Shockproof Protective Back Cover
208,
209,Ringke Fusion Case For iPhone 15 Pro Max By Panchakumari Mobile Hub Transparent Hard Back Soft Flexible TPU Bumper Cover
210,
211,ESR Full Protection Case for iPhone 15 Pro Max Case Set 1 Tempered-Glass Screen Protector 1 Set of Lens Protectors Military-Grade Protection
212,
213,Anti-Theft Backpack New Design With iPhone Cable- Grey
214,
215,Transparent Card Slot Holder For iPhone 15 Pro Max By Lavish Deals Transparent Cover
216,
217,Polished Tempered Glass For iPhone 15 Plus By Panchakumari Mobile Hub
218,
219,ESR Classic Hybrid Case For iPhone 15 Plus By Panchakumari Mobile Hub With Stash Stand HaloLock)
220,
221,Magnetic Case for iPhone 15 Pro By Panchakumari Mobile Hub Translucent Matte Back Cover
222,
223,Iphone 15 Pro Transparent Tpu Ipaky Bumper Edge To Edge Protection Back Case Cover
224,
225,Lenuo for Apple iPhone 15 Silicone Soft Case
226,
227,Nillkin Camshield Pro case for iPhone 15 Series
228,
229,Nillkin Super Frosted Shield Pro Matte Cover Case for iPhone 15 Series
230,
231,Rock Space Printed Cover for iPhone 15 Pro Max Case Graffiti Art Protective Cover for iPhone 15 Pro Max
232,
233,20W USB-C Power Adapter (2 Pin) For Iphone 13/ 14/15 Pro Max
234,
235,Lenuo for Apple iPhone 15 Pro Max Case Silicone Matte Carbon Fiber Back Cover
236,
237,Full Coverage Back Camera Lens Protector Cover For iPhone 15 PRO
238,
239,Vantime for iPhone 15 Pro Max 15 Plus Slide Lens Cover Clear Case Hard Shockproof Casing
240,
241,Luxury 3D Crystal Shiny Diamond Camera Lens Protector for IPhone 15 Pro Max 14 Pro 15 Plus 13 Mini 12 11 Pro Max
242,
243,20W USB-C Power Adapter (2 Pin) For Iphone 13/ 14/15 Pro Max
244,
245,Iphone 15 Pro Clear Transparent TPU Silicon Cover
246,
247,ESR Tempered Glass for iPhone 15 Pro Max Armorite Screen Protector Ultra-tough Sceen Protector
248,
249,ROCK Carbon Fibre Iphone 15 Pro Case Protective Magnetic Charging Phone Cover For iPhone 15 Pro
250,
251,Youngkit Futuristic Magsafe Case For iPhone 15 Pro By Panchakumari Mobile Hub Circuit DesignProtective Cover
252,
253,ESR Classic Hybrid Case For iPhone 15 Pro By Panchakumari Mobile Hub With Stash Stand (HaloLock)
254,
255,Lenuo For iPhone 15 Plus Mobile Phone Case Carbon Fiber Shockproof Protective Back Cover
256,
257,ROCK Fibre Protective Case for Iphone 15 Pro Max Wireless Charging Phone Cover
258,
259,Nillkin Super Frosted Shield Pro Matte cover case for Apple iPhone 15 Plus (iPhone 15+) 6.7 (2023)- Nillkin Nepal
260,
261,Lenuo for Apple iPhone 15 Plus Silicone Soft Case
262,
263,Polished Tempered Glass For iPhone 15 By Panchakumari Mobile Hub
264,
265,Vantime for iPhone 15 Pro Max 15 Plus Case Crystal Clear Electroplating Soft Ultra Thin Phone Back Cover
266,
267,Santa Barbara Case For iPhone 15 Pro Max By Panchakumari Mobile Hub Polo & Racquet Club Leather Cover
268,
269,Polished Tempered Glass For iPhone 15 Plus By Lavish Deals
270,
271,Anime Printed Case For iPhone 15 Pro Max By Lavish Deals
272,
273,Lenuo for Apple iPhone 15 Pro Case Silicone Matte Carbon Fiber Back Cover
274,
275,Lenuo For Apple iPhone 15 Mobile Case Multifunction Car Magnetic Shockproof With Ring Stand Back Cover
276,
277,Iphone 15 Pro Max Transparent Tpu Ipaky Bumper Edge To Edge Protection Back Case Cover
278,
279,Magnetic Case for iPhone 15 Pro By Lavish Deals Translucent Matte Back Cover
280,
281,Iphone 15 Transparent Tpu Ipaky Bumper Edge To Edge Protection Back Case Cover
282,
283,Spiderman IMD Printed Case For iPhone 15 By Lavish Deals
284,
285,Youngkit Futuristic Magsafe Case For iPhone 15 Plus By Panchakumari Mobile Hub Circuit Design Protective Cover
286,
287,Full Coverage Back Camera Lens Protector Cover For iPhone 15 PRO MAX
288,
289,Spiderman IMD Printed Case For iPhone 15 Pro By Panchakumari Mobile Hub
290,
291,Lenuo For Apple iPhone 15 Plus Soft Card Slot Wallet Phone Case Silicone Shockproof Back Cover
292,
293,11pro/ Pro max Charger
294,
295,Magnetic Case for iPhone 15 Pro Max By Panchakumari Mobile Hub Translucent Matte Back Cover
296,
297,Lenuo Punk-Casing For iPhone 15 Back Cover Eight-Color Anti-Fall And Anti-Slip Phone Bracket Lens Protection Cover
298,
299,2in1 COMBO Drop MagSafe Case and Self Applicator Tempered Glass For iPhone 15 Pro Max
300,
301,ESR Air Armor iPhone 15 Case Military-Grade Protection Shockproof Air Guard Corners Yellowing-Resistant Cove for Iphone 15
302,
303,Anime Printed Case For iPhone 15 Pro Max By Panchakumari Mobile Hub
304,
305,iPhone 15 Cover/ Hazy Transparent Case with Black Border
306,
307,Magnetic Case for iPhone 15 Pro Max By Lavish Deals Translucent Matte Back Cover
308,
309,2in1 COMBO Drop MagSafe Case and Self Applicator Tempered Glass For iPhone 15
310,
311,2in1 COMBO Drop MagSafe Case and Self Applicator Tempered Glass For iPhone 15 Pro
312,
313,Anime Printed Case For iPhone 15 By Panchakumari Mobile Hub
314,
315,Lenuo Phone Case for iPhone 15 Pro Silicone PC Metal Ring Holder Cover
316,
317,Lenuo Punk-Casing For iPhone 15 Pro Max Back Cover Eight-Color Anti-Fall And Anti-Slip Phone Bracket Lens Protection Cover
318,
319,XUNDD Case for IPhone 15 Pro Max - Shockproof Transparent PC + TPU Bumper Back Phone Cover
320,
321,For iPhone 15 Pro Max Linear Shape Holder Phone Case
322,
323,Lenuo Phone Case for iPhone 15 Silicone PC Metal Ring Holder Cover
324,
325,Crystal Clear Transparent Case for IPhone 15 Series
326,
327,For iPhone 15 Pro iPAKY CHARM Series Phone Case
328,
329,Apple iPhone 15 Pro Max Super Series Mobile Cover Case Shell
330,
331,Nillkin Super Frosted Shield Pro Matte cover case for Apple iPhone 15 6.1 (2023)
332,
333,ESR Lens Protectors For iPhone 14 Pro / 14 Pro Max By Panchakumari Mobile Hub Tempered-Glass
334,
335,ESR Classic Hybrid Magnetic with HaloLock Case for iPhone 15 Pro Max Cover
336,
337,For iPhone 15 Pro Max Ring Holder TPU Phone Case
338,
339,Polished Tempered Glass For iPhone 15 By Lavish Deals
340,
341,Nillkin Amazing CP+ Pro Tempered Glass For Apple iPhone 15 6.1 (2023) By Panchakumari Mobile Hub
342,
343,For iPhone 15 Pro CD Texture Magsafe Phone Case
344,
345,Super Series Apple iPhone 15 Pro Max Mobile Cover Case Shell
346,
347,Classic Series IPhone 14 Pro Max
348,
349,Wallet Case IPhone 14 Pro Max
350,
351,3D Cute Cloud Case For iPhone 15 Pro Max By Panchakumari Mobile Hub
352,
353,ESR Classic Hybrid Black Case For iPhone 15 Pro By Panchakumari Mobile Hub With Stash Stand (HaloLock
354,
355,KzDOO Seashell Case for iPhone 15 Pro By Lavish Deals With Real Sea Shell Textured Cover
356,
357,Clear Case with Black Rim Border for iPhone 15 series
358,
359,Youngkit Futuristic Magsafe Case For iPhone 15 By Panchakumari Mobile Hub Circuit Design Protective Cover
360,
361,Ringke Fusion - X Case for iPhone 15 Plus By Panchakumari Mobile Hub
362,
363,ESR Classic Hybrid Case For iPhone 15 Pro By Panchakumari Mobile Hub With Stash Stand (HaloLock)
364,
365,For iPhone 15 Pro Max CD Texture Magsafe Phone Case
366,
367,KzDOO Seashell Case for iPhone 15 Pro Max By Panchakumari Mobile Hub With Real Sea Shell Textured Cover
368,
369,Nillkin Camshield Pro case for iPhone 15 Series
370,
371,Nillkin Matte Back Cover | Super Frosted Shield Pro Matte Cover for Apple iPhone 15 Pro Max
372,
373,Kingxbar IPhone 14
374,
375,IPhone 14 Pro Max Silicone Case MegSafe
376,
377,Ringke Fusion Case For iPhone 15 Pro By Panchakumari Mobile Hub Transparent Hard Back Soft Flexible TPU Bumper Cover
378,
379,KzDOO Seashell Case for iPhone 15 Pro By Panchakumari Mobile Hub With Real Sea Shell Textured Cover
380,
381,Pmh Tech KzDOO Seashell Case for iPhone 15 With Real Sea Shell Textured Cover
382,
383,KzDoo Kevlar Case for iPhone 15 Pro Real Carbon Fiber Cover By Panchakumari mobile Hub
384,
385,KzDOO Seashell Case for iPhone 15 By Panchakumari Mobile Hub With Real Sea Shell Textured Cover
386,
387,Iphone 15 Pro Max Xundd Phone Case
388,
389,Apple iPhone 15 Pro Max / Ultra Xundd Original Mobile Cover Case Shell
390,
391,iPhone 15 series Screen Protector/ Tempered Glass
392,
393,Camera Lens Protector for iPhone 15 series
394,
395,Tempered Glass 9D Xmart For Iphone 15 PRO MAX
396,
397,ESR Classic Hybrid Case For iPhone 15 By Panchakumari Mobile Hub With Stash Stand (HaloLock)
398,
399,KzDOO Seashell Case for iPhone 15 By Lavish Deals With Real Sea Shell Textured Cover
400,
401,For iPhone 15 Pro Max Linear Shape Holder Phone Case
402,
403,Lenuo Phone Case for iPhone 15 Silicone PC Metal Ring Holder Cover
404,
405,Crystal Clear Transparent Case for IPhone 15 Series
406,
407,For iPhone 15 Pro iPAKY CHARM Series Phone Case
408,
409,Apple iPhone 15 Pro Max Super Series Mobile Cover Case Shell
410,
411,Nillkin Super Frosted Shield Pro Matte cover case for Apple iPhone 15 6.1 (2023)
412,
413,ESR Lens Protectors For iPhone 14 Pro / 14 Pro Max By Panchakumari Mobile Hub Tempered-Glass
414,
415,ESR Classic Hybrid Magnetic with HaloLock Case for iPhone 15 Pro Max Cover
416,
417,For iPhone 15 Pro Max Ring Holder TPU Phone Case
418,
419,Polished Tempered Glass For iPhone 15 By Lavish Deals
420,
421,Nillkin Amazing CP+ Pro Tempered Glass For Apple iPhone 15 6.1 (2023) By Panchakumari Mobile Hub
422,
423,For iPhone 15 Pro CD Texture Magsafe Phone Case
424,
425,Super Series Apple iPhone 15 Pro Max Mobile Cover Case Shell
426,
427,Classic Series IPhone 14 Pro Max
428,
429,Wallet Case IPhone 14 Pro Max
430,
431,3D Cute Cloud Case For iPhone 15 Pro Max By Panchakumari Mobile Hub
432,
433,ESR Classic Hybrid Black Case For iPhone 15 Pro By Panchakumari Mobile Hub With Stash Stand (HaloLock
434,
435,KzDOO Seashell Case for iPhone 15 Pro By Lavish Deals With Real Sea Shell Textured Cover
436,
437,Clear Case with Black Rim Border for iPhone 15 series
438,
439,Youngkit Futuristic Magsafe Case For iPhone 15 By Panchakumari Mobile Hub Circuit Design Protective Cover
440,
441,Ringke Fusion - X Case for iPhone 15 Plus By Panchakumari Mobile Hub
442,
443,ESR Classic Hybrid Case For iPhone 15 Pro By Panchakumari Mobile Hub With Stash Stand (HaloLock)
444,
445,For iPhone 15 Pro Max CD Texture Magsafe Phone Case
446,
447,KzDOO Seashell Case for iPhone 15 Pro Max By Panchakumari Mobile Hub With Real Sea Shell Textured Cover
448,
449,Nillkin Camshield Pro case for iPhone 15 Series
450,
451,Nillkin Matte Back Cover | Super Frosted Shield Pro Matte Cover for Apple iPhone 15 Pro Max
452,
453,Kingxbar IPhone 14
454,
455,IPhone 14 Pro Max Silicone Case MegSafe
456,
457,Ringke Fusion Case For iPhone 15 Pro By Panchakumari Mobile Hub Transparent Hard Back Soft Flexible TPU Bumper Cover
458,
459,KzDOO Seashell Case for iPhone 15 Pro By Panchakumari Mobile Hub With Real Sea Shell Textured Cover
460,
461,Pmh Tech KzDOO Seashell Case for iPhone 15 With Real Sea Shell Textured Cover
462,
463,KzDoo Kevlar Case for iPhone 15 Pro Real Carbon Fiber Cover By Panchakumari mobile Hub
464,
465,KzDOO Seashell Case for iPhone 15 By Panchakumari Mobile Hub With Real Sea Shell Textured Cover
466,
467,Iphone 15 Pro Max Xundd Phone Case
468,
469,Apple iPhone 15 Pro Max / Ultra Xundd Original Mobile Cover Case Shell
470,
471,iPhone 15 series Screen Protector/ Tempered Glass
472,
473,Camera Lens Protector for iPhone 15 series
474,
475,Tempered Glass 9D Xmart For Iphone 15 PRO MAX
476,
477,ESR Classic Hybrid Case For iPhone 15 By Panchakumari Mobile Hub With Stash Stand (HaloLock)
478,
479,KzDOO Seashell Case for iPhone 15 By Lavish Deals With Real Sea Shell Textured Cover
480,
481,For iPhone 15 Pro Max Linear Shape Holder Phone Case
482,
483,Lenuo Phone Case for iPhone 15 Silicone PC Metal Ring Holder Cover
484,
485,Crystal Clear Transparent Case for IPhone 15 Series
486,
487,For iPhone 15 Pro iPAKY CHARM Series Phone Case
488,
489,Apple iPhone 15 Pro Max Super Series Mobile Cover Case Shell
490,
491,Nillkin Super Frosted Shield Pro Matte cover case for Apple iPhone 15 6.1 (2023)
492,
493,ESR Lens Protectors For iPhone 14 Pro / 14 Pro Max By Panchakumari Mobile Hub Tempered-Glass
494,
495,ESR Classic Hybrid Magnetic with HaloLock Case for iPhone 15 Pro Max Cover
496,
497,For iPhone 15 Pro Max Ring Holder TPU Phone Case
498,
499,Polished Tempered Glass For iPhone 15 By Lavish Deals
500,
501,Nillkin Amazing CP+ Pro Tempered Glass For Apple iPhone 15 6.1 (2023) By Panchakumari Mobile Hub
502,
503,For iPhone 15 Pro CD Texture Magsafe Phone Case
504,
505,Super Series Apple iPhone 15 Pro Max Mobile Cover Case Shell
506,
507,Classic Series IPhone 14 Pro Max
508,
509,Wallet Case IPhone 14 Pro Max
510,
511,3D Cute Cloud Case For iPhone 15 Pro Max By Panchakumari Mobile Hub
512,
513,ESR Classic Hybrid Black Case For iPhone 15 Pro By Panchakumari Mobile Hub With Stash Stand (HaloLock
514,
515,KzDOO Seashell Case for iPhone 15 Pro By Lavish Deals With Real Sea Shell Textured Cover
516,
517,Clear Case with Black Rim Border for iPhone 15 series
518,
519,Youngkit Futuristic Magsafe Case For iPhone 15 By Panchakumari Mobile Hub Circuit Design Protective Cover
520,
521,Ringke Fusion - X Case for iPhone 15 Plus By Panchakumari Mobile Hub
522,
523,ESR Classic Hybrid Case For iPhone 15 Pro By Panchakumari Mobile Hub With Stash Stand (HaloLock)
524,
525,For iPhone 15 Pro Max CD Texture Magsafe Phone Case
526,
527,KzDOO Seashell Case for iPhone 15 Pro Max By Panchakumari Mobile Hub With Real Sea Shell Textured Cover
528,
529,Nillkin Camshield Pro case for iPhone 15 Series
530,
531,Nillkin Matte Back Cover | Super Frosted Shield Pro Matte Cover for Apple iPhone 15 Pro Max
532,
533,Kingxbar IPhone 14
534,
535,IPhone 14 Pro Max Silicone Case MegSafe
536,
537,Ringke Fusion Case For iPhone 15 Pro By Panchakumari Mobile Hub Transparent Hard Back Soft Flexible TPU Bumper Cover
538,
539,KzDOO Seashell Case for iPhone 15 Pro By Panchakumari Mobile Hub With Real Sea Shell Textured Cover
540,
541,Pmh Tech KzDOO Seashell Case for iPhone 15 With Real Sea Shell Textured Cover
542,
543,KzDoo Kevlar Case for iPhone 15 Pro Real Carbon Fiber Cover By Panchakumari mobile Hub
544,
545,KzDOO Seashell Case for iPhone 15 By Panchakumari Mobile Hub With Real Sea Shell Textured Cover
546,
547,Iphone 15 Pro Max Xundd Phone Case
548,
549,Apple iPhone 15 Pro Max / Ultra Xundd Original Mobile Cover Case Shell
550,
551,iPhone 15 series Screen Protector/ Tempered Glass
552,
553,Camera Lens Protector for iPhone 15 series
554,
555,Tempered Glass 9D Xmart For Iphone 15 PRO MAX
556,
557,ESR Classic Hybrid Case For iPhone 15 By Panchakumari Mobile Hub With Stash Stand (HaloLock)
558,
559,KzDOO Seashell Case for iPhone 15 By Lavish Deals With Real Sea Shell Textured Cover
560,
561,For iPhone 15 Pro Max Linear Shape Holder Phone Case
562,
563,Lenuo Phone Case for iPhone 15 Silicone PC Metal Ring Holder Cover
564,
565,Crystal Clear Transparent Case for IPhone 15 Series
566,
567,For iPhone 15 Pro iPAKY CHARM Series Phone Case
568,
569,Apple iPhone 15 Pro Max Super Series Mobile Cover Case Shell
570,
571,Nillkin Super Frosted Shield Pro Matte cover case for Apple iPhone 15 6.1 (2023)
572,
573,ESR Lens Protectors For iPhone 14 Pro / 14 Pro Max By Panchakumari Mobile Hub Tempered-Glass
574,
575,ESR Classic Hybrid Magnetic with HaloLock Case for iPhone 15 Pro Max Cover
576,
577,For iPhone 15 Pro Max Ring Holder TPU Phone Case
578,
579,Polished Tempered Glass For iPhone 15 By Lavish Deals
580,
581,Nillkin Amazing CP+ Pro Tempered Glass For Apple iPhone 15 6.1 (2023) By Panchakumari Mobile Hub
582,
583,For iPhone 15 Pro CD Texture Magsafe Phone Case
584,
585,Super Series Apple iPhone 15 Pro Max Mobile Cover Case Shell
586,
587,Classic Series IPhone 14 Pro Max
588,
589,Wallet Case IPhone 14 Pro Max
590,
591,3D Cute Cloud Case For iPhone 15 Pro Max By Panchakumari Mobile Hub
592,
593,ESR Classic Hybrid Black Case For iPhone 15 Pro By Panchakumari Mobile Hub With Stash Stand (HaloLock
594,
595,KzDOO Seashell Case for iPhone 15 Pro By Lavish Deals With Real Sea Shell Textured Cover
596,
597,Clear Case with Black Rim Border for iPhone 15 series
598,
599,Youngkit Futuristic Magsafe Case For iPhone 15 By Panchakumari Mobile Hub Circuit Design Protective Cover
600,
601,Ringke Fusion - X Case for iPhone 15 Plus By Panchakumari Mobile Hub
602,
603,ESR Classic Hybrid Case For iPhone 15 Pro By Panchakumari Mobile Hub With Stash Stand (HaloLock)
604,
605,For iPhone 15 Pro Max CD Texture Magsafe Phone Case
606,
607,KzDOO Seashell Case for iPhone 15 Pro Max By Panchakumari Mobile Hub With Real Sea Shell Textured Cover
608,
609,Nillkin Camshield Pro case for iPhone 15 Series
610,
611,Nillkin Matte Back Cover | Super Frosted Shield Pro Matte Cover for Apple iPhone 15 Pro Max
612,
613,Kingxbar IPhone 14
614,
615,IPhone 14 Pro Max Silicone Case MegSafe
616,
617,Ringke Fusion Case For iPhone 15 Pro By Panchakumari Mobile Hub Transparent Hard Back Soft Flexible TPU Bumper Cover
618,
619,KzDOO Seashell Case for iPhone 15 Pro By Panchakumari Mobile Hub With Real Sea Shell Textured Cover
620,
621,Pmh Tech KzDOO Seashell Case for iPhone 15 With Real Sea Shell Textured Cover
622,
623,KzDoo Kevlar Case for iPhone 15 Pro Real Carbon Fiber Cover By Panchakumari mobile Hub
624,
625,KzDOO Seashell Case for iPhone 15 By Panchakumari Mobile Hub With Real Sea Shell Textured Cover
626,
627,Iphone 15 Pro Max Xundd Phone Case
628,
629,Apple iPhone 15 Pro Max / Ultra Xundd Original Mobile Cover Case Shell
630,
631,iPhone 15 series Screen Protector/ Tempered Glass
632,
633,Camera Lens Protector for iPhone 15 series
634,
635,Tempered Glass 9D Xmart For Iphone 15 PRO MAX
636,
637,ESR Classic Hybrid Case For iPhone 15 By Panchakumari Mobile Hub With Stash Stand (HaloLock)
638,
639,KzDOO Seashell Case for iPhone 15 By Lavish Deals With Real Sea Shell Textured Cover
640,
641,For iPhone 15 Pro Max Linear Shape Holder Phone Case
642,
643,Lenuo Phone Case for iPhone 15 Silicone PC Metal Ring Holder Cover
644,
645,Crystal Clear Transparent Case for IPhone 15 Series
646,
647,For iPhone 15 Pro iPAKY CHARM Series Phone Case
648,
649,Apple iPhone 15 Pro Max Super Series Mobile Cover Case Shell
650,
651,Nillkin Super Frosted Shield Pro Matte cover case for Apple iPhone 15 6.1 (2023)
652,
653,ESR Lens Protectors For iPhone 14 Pro / 14 Pro Max By Panchakumari Mobile Hub Tempered-Glass
654,
655,ESR Classic Hybrid Magnetic with HaloLock Case for iPhone 15 Pro Max Cover
656,
657,For iPhone 15 Pro Max Ring Holder TPU Phone Case
658,
659,Polished Tempered Glass For iPhone 15 By Lavish Deals
660,
661,Nillkin Amazing CP+ Pro Tempered Glass For Apple iPhone 15 6.1 (2023) By Panchakumari Mobile Hub
662,
663,For iPhone 15 Pro CD Texture Magsafe Phone Case
664,
665,Super Series Apple iPhone 15 Pro Max Mobile Cover Case Shell
666,
667,Classic Series IPhone 14 Pro Max
668,
669,Wallet Case IPhone 14 Pro Max
670,
671,3D Cute Cloud Case For iPhone 15 Pro Max By Panchakumari Mobile Hub
672,
673,ESR Classic Hybrid Black Case For iPhone 15 Pro By Panchakumari Mobile Hub With Stash Stand (HaloLock
674,
675,KzDOO Seashell Case for iPhone 15 Pro By Lavish Deals With Real Sea Shell Textured Cover
676,
677,Clear Case with Black Rim Border for iPhone 15 series
678,
679,Youngkit Futuristic Magsafe Case For iPhone 15 By Panchakumari Mobile Hub Circuit Design Protective Cover
680,
681,Ringke Fusion - X Case for iPhone 15 Plus By Panchakumari Mobile Hub
682,
683,ESR Classic Hybrid Case For iPhone 15 Pro By Panchakumari Mobile Hub With Stash Stand (HaloLock)
684,
685,For iPhone 15 Pro Max CD Texture Magsafe Phone Case
686,
687,KzDOO Seashell Case for iPhone 15 Pro Max By Panchakumari Mobile Hub With Real Sea Shell Textured Cover
688,
689,Nillkin Camshield Pro case for iPhone 15 Series
690,
691,Nillkin Matte Back Cover | Super Frosted Shield Pro Matte Cover for Apple iPhone 15 Pro Max
692,
693,Kingxbar IPhone 14
694,
695,IPhone 14 Pro Max Silicone Case MegSafe
696,
697,Ringke Fusion Case For iPhone 15 Pro By Panchakumari Mobile Hub Transparent Hard Back Soft Flexible TPU Bumper Cover
698,
699,KzDOO Seashell Case for iPhone 15 Pro By Panchakumari Mobile Hub With Real Sea Shell Textured Cover
700,
701,Pmh Tech KzDOO Seashell Case for iPhone 15 With Real Sea Shell Textured Cover
702,
703,KzDoo Kevlar Case for iPhone 15 Pro Real Carbon Fiber Cover By Panchakumari mobile Hub
704,
705,KzDOO Seashell Case for iPhone 15 By Panchakumari Mobile Hub With Real Sea Shell Textured Cover
706,
707,Iphone 15 Pro Max Xundd Phone Case
708,
709,Apple iPhone 15 Pro Max / Ultra Xundd Original Mobile Cover Case Shell
710,
711,iPhone 15 series Screen Protector/ Tempered Glass
712,
713,Camera Lens Protector for iPhone 15 series
714,
715,Tempered Glass 9D Xmart For Iphone 15 PRO MAX
716,
717,ESR Classic Hybrid Case For iPhone 15 By Panchakumari Mobile Hub With Stash Stand (HaloLock)
718,
719,KzDOO Seashell Case for iPhone 15 By Lavish Deals With Real Sea Shell Textured Cover
720,
721,For iPhone 15 Pro Max Linear Shape Holder Phone Case
722,
723,Lenuo Phone Case for iPhone 15 Silicone PC Metal Ring Holder Cover
724,
725,Crystal Clear Transparent Case for IPhone 15 Series
726,
727,For iPhone 15 Pro iPAKY CHARM Series Phone Case
728,
729,Apple iPhone 15 Pro Max Super Series Mobile Cover Case Shell
730,
731,Nillkin Super Frosted Shield Pro Matte cover case for Apple iPhone 15 6.1 (2023)
732,
733,ESR Lens Protectors For iPhone 14 Pro / 14 Pro Max By Panchakumari Mobile Hub Tempered-Glass
734,
735,ESR Classic Hybrid Magnetic with HaloLock Case for iPhone 15 Pro Max Cover
736,
737,For iPhone 15 Pro Max Ring Holder TPU Phone Case
738,
739,Polished Tempered Glass For iPhone 15 By Lavish Deals
740,
741,Nillkin Amazing CP+ Pro Tempered Glass For Apple iPhone 15 6.1 (2023) By Panchakumari Mobile Hub
742,
743,For iPhone 15 Pro CD Texture Magsafe Phone Case
744,
745,Super Series Apple iPhone 15 Pro Max Mobile Cover Case Shell
746,
747,Classic Series IPhone 14 Pro Max
748,
749,Wallet Case IPhone 14 Pro Max
750,
751,3D Cute Cloud Case For iPhone 15 Pro Max By Panchakumari Mobile Hub
752,
753,ESR Classic Hybrid Black Case For iPhone 15 Pro By Panchakumari Mobile Hub With Stash Stand (HaloLock
754,
755,KzDOO Seashell Case for iPhone 15 Pro By Lavish Deals With Real Sea Shell Textured Cover
756,
757,Clear Case with Black Rim Border for iPhone 15 series
758,
759,Youngkit Futuristic Magsafe Case For iPhone 15 By Panchakumari Mobile Hub Circuit Design Protective Cover
760,
761,Ringke Fusion - X Case for iPhone 15 Plus By Panchakumari Mobile Hub
762,
763,ESR Classic Hybrid Case For iPhone 15 Pro By Panchakumari Mobile Hub With Stash Stand (HaloLock)
764,
765,For iPhone 15 Pro Max CD Texture Magsafe Phone Case
766,
767,KzDOO Seashell Case for iPhone 15 Pro Max By Panchakumari Mobile Hub With Real Sea Shell Textured Cover
768,
769,Nillkin Camshield Pro case for iPhone 15 Series
770,
771,Nillkin Matte Back Cover | Super Frosted Shield Pro Matte Cover for Apple iPhone 15 Pro Max
772,
773,Kingxbar IPhone 14
774,
775,IPhone 14 Pro Max Silicone Case MegSafe
776,
777,Ringke Fusion Case For iPhone 15 Pro By Panchakumari Mobile Hub Transparent Hard Back Soft Flexible TPU Bumper Cover
778,
779,KzDOO Seashell Case for iPhone 15 Pro By Panchakumari Mobile Hub With Real Sea Shell Textured Cover
780,
781,Pmh Tech KzDOO Seashell Case for iPhone 15 With Real Sea Shell Textured Cover
782,
783,KzDoo Kevlar Case for iPhone 15 Pro Real Carbon Fiber Cover By Panchakumari mobile Hub
784,
785,KzDOO Seashell Case for iPhone 15 By Panchakumari Mobile Hub With Real Sea Shell Textured Cover
786,
787,Iphone 15 Pro Max Xundd Phone Case
788,
789,Apple iPhone 15 Pro Max / Ultra Xundd Original Mobile Cover Case Shell
790,
791,iPhone 15 series Screen Protector/ Tempered Glass
792,
793,Camera Lens Protector for iPhone 15 series
794,
795,Tempered Glass 9D Xmart For Iphone 15 PRO MAX
796,
797,ESR Classic Hybrid Case For iPhone 15 By Panchakumari Mobile Hub With Stash Stand (HaloLock)
798,
799,KzDOO Seashell Case for iPhone 15 By Lavish Deals With Real Sea Shell Textured Cover
